file_path,left_up,right_down
/home/lizeyu/images/rgb_0441.png,"(152, 159)","(300, 239)"
/home/lizeyu/images/rgb_0563.png,"(100, 72)","(230, 165)"
/home/lizeyu/images/rgb_0449.png,"(171, 131)","(258, 240)"
/home/lizeyu/images/rgb_0874.png,"(20, 94)","(149, 149)"
/home/lizeyu/images/rgb_0454.png,"(170, 109)","(245, 238)"
/home/lizeyu/images/rgb_0499.png,"(36, 150)","(179, 236)"
/home/lizeyu/images/rgb_0063.png,"(68, 88)","(201, 142)"
/home/lizeyu/images/rgb_0069.png,"(105, 164)","(270, 236)"
/home/lizeyu/images/rgb_0120.png,"(65, 49)","(137, 211)"
/home/lizeyu/images/rgb_0927.png,"(14, 170)","(164, 240)"
/home/lizeyu/images/rgb_0709.png,"(75, 79)","(144, 220)"
/home/lizeyu/images/rgb_0203.png,"(140, 85)","(280, 195)"
/home/lizeyu/images/rgb_0128.png,"(57, 44)","(131, 199)"
/home/lizeyu/images/rgb_0033.png,"(163, 95)","(252, 218)"
/home/lizeyu/images/rgb_0947.png,"(96, 88)","(171, 233)"
/home/lizeyu/images/rgb_0197.png,"(155, 49)","(274, 219)"
/home/lizeyu/images/rgb_0155.png,"(165, 91)","(256, 217)"
/home/lizeyu/images/rgb_0145.png,"(185, 51)","(263, 220)"
/home/lizeyu/images/rgb_0684.png,"(69, 49)","(145, 223)"
/home/lizeyu/images/rgb_0565.png,"(49, 79)","(171, 209)"
/home/lizeyu/images/rgb_0507.png,"(12, 182)","(223, 236)"
/home/lizeyu/images/rgb_0771.png,"(171, 49)","(235, 230)"
/home/lizeyu/images/rgb_0423.png,"(160, 180)","(318, 236)"
/home/lizeyu/images/rgb_0123.png,"(56, 34)","(132, 207)"
/home/lizeyu/images/rgb_0219.png,"(174, 75)","(242, 222)"
/home/lizeyu/images/rgb_0870.png,"(18, 98)","(151, 147)"
/home/lizeyu/images/rgb_0461.png,"(117, 76)","(183, 230)"
/home/lizeyu/images/rgb_0299.png,"(99, 59)","(164, 186)"
/home/lizeyu/images/rgb_0374.png,"(161, 95)","(297, 142)"
/home/lizeyu/images/rgb_0602.png,"(156, 65)","(244, 226)"
/home/lizeyu/images/rgb_0700.png,"(70, 99)","(151, 218)"
/home/lizeyu/images/rgb_0288.png,"(82, 36)","(130, 196)"
/home/lizeyu/images/rgb_0296.png,"(86, 33)","(154, 196)"
/home/lizeyu/images/rgb_0443.png,"(155, 152)","(296, 235)"
/home/lizeyu/images/rgb_0788.png,"(152, 61)","(218, 188)"
/home/lizeyu/images/rgb_0340.png,"(136, 91)","(213, 231)"
/home/lizeyu/images/rgb_0522.png,"(69, 97)","(150, 218)"
/home/lizeyu/images/rgb_0338.png,"(125, 118)","(202, 231)"
/home/lizeyu/images/rgb_0685.png,"(53, 44)","(157, 224)"
/home/lizeyu/images/rgb_0869.png,"(21, 97)","(152, 147)"
/home/lizeyu/images/rgb_0686.png,"(49, 44)","(165, 224)"
/home/lizeyu/images/rgb_0616.png,"(188, 40)","(266, 199)"
/home/lizeyu/images/rgb_0278.png,"(126, 66)","(193, 224)"
/home/lizeyu/images/rgb_0873.png,"(22, 95)","(143, 150)"
/home/lizeyu/images/rgb_0761.png,"(80, 64)","(154, 233)"
/home/lizeyu/images/rgb_0221.png,"(176, 78)","(243, 223)"
/home/lizeyu/images/rgb_0963.png,"(173, 63)","(233, 236)"
/home/lizeyu/images/rgb_0587.png,"(12, 182)","(223, 236)"
/home/lizeyu/images/rgb_0844.png,"(25, 87)","(141, 221)"
/home/lizeyu/images/rgb_0049.png,"(146, 155)","(314, 237)"
/home/lizeyu/images/rgb_0475.png,"(93, 72)","(163, 230)"
/home/lizeyu/images/rgb_0839.png,"(2, 59)","(84, 212)"
/home/lizeyu/images/rgb_0455.png,"(170, 97)","(246, 240)"
/home/lizeyu/images/rgb_0554.png,"(74, 167)","(211, 235)"
/home/lizeyu/images/rgb_0009.png,"(132, 148)","(295, 228)"
/home/lizeyu/images/rgb_0204.png,"(160, 92)","(256, 219)"
/home/lizeyu/images/rgb_0618.png,"(186, 46)","(262, 202)"
/home/lizeyu/images/rgb_0091.png,"(90, 166)","(279, 235)"
/home/lizeyu/images/rgb_0784.png,"(165, 39)","(239, 189)"
/home/lizeyu/images/rgb_0350.png,"(241, 55)","(318, 215)"
/home/lizeyu/images/rgb_0052.png,"(157, 88)","(301, 212)"
/home/lizeyu/images/rgb_0558.png,"(54, 164)","(211, 235)"
/home/lizeyu/images/rgb_0125.png,"(55, 35)","(131, 200)"
/home/lizeyu/images/rgb_0297.png,"(93, 47)","(159, 192)"
/home/lizeyu/images/rgb_0903.png,"(7, 188)","(177, 237)"
/home/lizeyu/images/rgb_0908.png,"(4, 184)","(183, 237)"
/home/lizeyu/images/rgb_0410.png,"(150, 187)","(315, 237)"
/home/lizeyu/images/rgb_0162.png,"(155, 89)","(258, 217)"
/home/lizeyu/images/rgb_0743.png,"(34, 157)","(181, 239)"
/home/lizeyu/images/rgb_0465.png,"(68, 76)","(141, 234)"
/home/lizeyu/images/rgb_0415.png,"(147, 187)","(317, 238)"
/home/lizeyu/images/rgb_0622.png,"(182, 55)","(263, 228)"
/home/lizeyu/images/rgb_0434.png,"(158, 171)","(314, 239)"
/home/lizeyu/images/rgb_0787.png,"(159, 60)","(220, 190)"
/home/lizeyu/images/rgb_0679.png,"(54, 68)","(133, 211)"
/home/lizeyu/images/rgb_0731.png,"(4, 114)","(177, 232)"
/home/lizeyu/images/rgb_0816.png,"(96, 97)","(235, 150)"
/home/lizeyu/images/rgb_0896.png,"(7, 161)","(170, 235)"
/home/lizeyu/images/rgb_0804.png,"(110, 102)","(251, 147)"
/home/lizeyu/images/rgb_0634.png,"(53, 54)","(135, 219)"
/home/lizeyu/images/rgb_0776.png,"(193, 37)","(260, 199)"
/home/lizeyu/images/rgb_0702.png,"(70, 79)","(147, 207)"
/home/lizeyu/images/rgb_0650.png,"(71, 87)","(140, 217)"
/home/lizeyu/images/rgb_0460.png,"(127, 73)","(194, 235)"
/home/lizeyu/images/rgb_0695.png,"(67, 97)","(152, 216)"
/home/lizeyu/images/rgb_0768.png,"(154, 67)","(221, 237)"
/home/lizeyu/images/rgb_0832.png,"(78, 61)","(157, 227)"
/home/lizeyu/images/rgb_0717.png,"(45, 92)","(166, 222)"
/home/lizeyu/images/rgb_0156.png,"(169, 90)","(255, 217)"
/home/lizeyu/images/rgb_0644.png,"(70, 88)","(142, 217)"
/home/lizeyu/images/rgb_0158.png,"(164, 89)","(257, 217)"
/home/lizeyu/images/rgb_0886.png,"(31, 109)","(150, 161)"
/home/lizeyu/images/rgb_0182.png,"(189, 58)","(268, 240)"
/home/lizeyu/images/rgb_0639.png,"(71, 88)","(141, 217)"
/home/lizeyu/images/rgb_0928.png,"(14, 169)","(161, 239)"
/home/lizeyu/images/rgb_0431.png,"(159, 172)","(316, 239)"
/home/lizeyu/images/rgb_0314.png,"(85, 97)","(220, 153)"
/home/lizeyu/images/rgb_0195.png,"(170, 50)","(256, 225)"
/home/lizeyu/images/rgb_0298.png,"(96, 57)","(162, 190)"
/home/lizeyu/images/rgb_0770.png,"(163, 51)","(237, 240)"
/home/lizeyu/images/rgb_0823.png,"(92, 101)","(190, 223)"
/home/lizeyu/images/rgb_0303.png,"(68, 88)","(201, 142)"
/home/lizeyu/images/rgb_0833.png,"(69, 67)","(140, 215)"
/home/lizeyu/images/rgb_0509.png,"(44, 164)","(221, 238)"
/home/lizeyu/images/rgb_0887.png,"(60, 113)","(157, 167)"
/home/lizeyu/images/rgb_0950.png,"(135, 76)","(203, 236)"
/home/lizeyu/images/rgb_0274.png,"(158, 66)","(246, 218)"
/home/lizeyu/images/rgb_0377.png,"(164, 95)","(294, 143)"
/home/lizeyu/images/rgb_0512.png,"(21, 97)","(151, 146)"
/home/lizeyu/images/rgb_0895.png,"(5, 156)","(165, 238)"
/home/lizeyu/images/rgb_0765.png,"(83, 68)","(171, 221)"
/home/lizeyu/images/rgb_0309.png,"(113, 53)","(205, 181)"
/home/lizeyu/images/rgb_0489.png,"(168, 68)","(243, 218)"
/home/lizeyu/images/rgb_0304.png,"(97, 69)","(217, 161)"
/home/lizeyu/images/rgb_0842.png,"(33, 68)","(103, 213)"
/home/lizeyu/images/rgb_0096.png,"(167, 165)","(316, 236)"
/home/lizeyu/images/rgb_0161.png,"(162, 90)","(257, 218)"
/home/lizeyu/images/rgb_0606.png,"(184, 58)","(263, 228)"
/home/lizeyu/images/rgb_0302.png,"(64, 69)","(174, 165)"
/home/lizeyu/images/rgb_0284.png,"(74, 58)","(139, 202)"
/home/lizeyu/images/rgb_0495.png,"(72, 78)","(157, 220)"
/home/lizeyu/images/rgb_0059.png,"(113, 95)","(268, 184)"
/home/lizeyu/images/rgb_0385.png,"(171, 91)","(295, 146)"
/home/lizeyu/images/rgb_0211.png,"(163, 95)","(252, 218)"
/home/lizeyu/images/rgb_0845.png,"(7, 89)","(170, 192)"
/home/lizeyu/images/rgb_0088.png,"(91, 163)","(282, 236)"
/home/lizeyu/images/rgb_0920.png,"(17, 179)","(147, 239)"
/home/lizeyu/images/rgb_0469.png,"(62, 38)","(129, 224)"
/home/lizeyu/images/rgb_0735.png,"(36, 150)","(179, 236)"
/home/lizeyu/images/rgb_0246.png,"(131, 151)","(288, 232)"
/home/lizeyu/images/rgb_0420.png,"(146, 185)","(316, 236)"
/home/lizeyu/images/rgb_0675.png,"(40, 66)","(119, 232)"
/home/lizeyu/images/rgb_0301.png,"(79, 63)","(170, 173)"
/home/lizeyu/images/rgb_0662.png,"(80, 65)","(133, 224)"
/home/lizeyu/images/rgb_0200.png,"(146, 84)","(267, 197)"
/home/lizeyu/images/rgb_0900.png,"(5, 187)","(179, 236)"
/home/lizeyu/images/rgb_0750.png,"(58, 123)","(159, 228)"
/home/lizeyu/images/rgb_0610.png,"(183, 51)","(254, 200)"
/home/lizeyu/images/rgb_0213.png,"(176, 84)","(244, 213)"
/home/lizeyu/images/rgb_0180.png,"(189, 68)","(257, 231)"
/home/lizeyu/images/rgb_0151.png,"(161, 90)","(256, 218)"
/home/lizeyu/images/rgb_0863.png,"(21, 96)","(151, 146)"
/home/lizeyu/images/rgb_0505.png,"(59, 180)","(215, 238)"
/home/lizeyu/images/rgb_0930.png,"(36, 159)","(169, 238)"
/home/lizeyu/images/rgb_0135.png,"(70, 69)","(162, 219)"
/home/lizeyu/images/rgb_0643.png,"(70, 88)","(141, 216)"
/home/lizeyu/images/rgb_0077.png,"(164, 171)","(304, 239)"
/home/lizeyu/images/rgb_0102.png,"(172, 56)","(243, 216)"
/home/lizeyu/images/rgb_0971.png,"(49, 67)","(122, 216)"
/home/lizeyu/images/rgb_0604.png,"(186, 63)","(263, 235)"
/home/lizeyu/images/rgb_0742.png,"(23, 157)","(164, 240)"
/home/lizeyu/images/rgb_0252.png,"(102, 154)","(283, 238)"
/home/lizeyu/images/rgb_0841.png,"(17, 61)","(92, 213)"
/home/lizeyu/images/rgb_0615.png,"(190, 39)","(269, 201)"
/home/lizeyu/images/rgb_0633.png,"(58, 58)","(133, 219)"
/home/lizeyu/images/rgb_0179.png,"(190, 76)","(256, 229)"
/home/lizeyu/images/rgb_0572.png,"(27, 155)","(159, 237)"
/home/lizeyu/images/rgb_0919.png,"(8, 170)","(154, 240)"
/home/lizeyu/images/rgb_0245.png,"(132, 148)","(295, 228)"
/home/lizeyu/images/rgb_0791.png,"(147, 70)","(264, 163)"
/home/lizeyu/images/rgb_0176.png,"(174, 81)","(255, 229)"
/home/lizeyu/images/rgb_0703.png,"(73, 77)","(140, 203)"
/home/lizeyu/images/rgb_0181.png,"(189, 61)","(263, 237)"
/home/lizeyu/images/rgb_0412.png,"(149, 188)","(317, 237)"
/home/lizeyu/images/rgb_0411.png,"(148, 187)","(314, 237)"
/home/lizeyu/images/rgb_0821.png,"(104, 99)","(229, 154)"
/home/lizeyu/images/rgb_0665.png,"(71, 78)","(142, 231)"
/home/lizeyu/images/rgb_0249.png,"(91, 163)","(282, 236)"
/home/lizeyu/images/rgb_0822.png,"(103, 103)","(198, 198)"
/home/lizeyu/images/rgb_0293.png,"(73, 40)","(146, 191)"
/home/lizeyu/images/rgb_0934.png,"(51, 135)","(153, 237)"
/home/lizeyu/images/rgb_0479.png,"(136, 59)","(194, 240)"
/home/lizeyu/images/rgb_0580.png,"(47, 164)","(222, 238)"
/home/lizeyu/images/rgb_0281.png,"(86, 60)","(152, 238)"
/home/lizeyu/images/rgb_0916.png,"(8, 164)","(169, 236)"
/home/lizeyu/images/rgb_0516.png,"(8, 187)","(175, 237)"
/home/lizeyu/images/rgb_0133.png,"(60, 62)","(143, 221)"
/home/lizeyu/images/rgb_0802.png,"(100, 72)","(230, 165)"
/home/lizeyu/images/rgb_0790.png,"(154, 64)","(246, 174)"
/home/lizeyu/images/rgb_0828.png,"(119, 110)","(189, 236)"
/home/lizeyu/images/rgb_0103.png,"(174, 61)","(246, 214)"
/home/lizeyu/images/rgb_0328.png,"(87, 94)","(219, 153)"
/home/lizeyu/images/rgb_0687.png,"(50, 56)","(168, 221)"
/home/lizeyu/images/rgb_0578.png,"(83, 68)","(171, 221)"
/home/lizeyu/images/rgb_0472.png,"(68, 57)","(135, 228)"
/home/lizeyu/images/rgb_0907.png,"(4, 186)","(184, 237)"
/home/lizeyu/images/rgb_0408.png,"(146, 155)","(314, 237)"
/home/lizeyu/images/rgb_0931.png,"(27, 155)","(159, 237)"
/home/lizeyu/images/rgb_0763.png,"(75, 65)","(163, 224)"
/home/lizeyu/images/rgb_0333.png,"(120, 102)","(214, 197)"
/home/lizeyu/images/rgb_0366.png,"(181, 93)","(280, 152)"
/home/lizeyu/images/rgb_0294.png,"(78, 38)","(152, 190)"
/home/lizeyu/images/rgb_0154.png,"(163, 91)","(255, 218)"
/home/lizeyu/images/rgb_0126.png,"(54, 32)","(132, 203)"
/home/lizeyu/images/rgb_0533.png,"(36, 78)","(122, 220)"
/home/lizeyu/images/rgb_0428.png,"(163, 164)","(318, 236)"
/home/lizeyu/images/rgb_0976.png,"(59, 85)","(156, 216)"
/home/lizeyu/images/rgb_0223.png,"(177, 81)","(243, 221)"
/home/lizeyu/images/rgb_0955.png,"(176, 65)","(276, 236)"
/home/lizeyu/images/rgb_0107.png,"(156, 79)","(229, 231)"
/home/lizeyu/images/rgb_0694.png,"(69, 96)","(153, 222)"
/home/lizeyu/images/rgb_0678.png,"(46, 66)","(134, 213)"
/home/lizeyu/images/rgb_0960.png,"(185, 49)","(250, 227)"
/home/lizeyu/images/rgb_0628.png,"(92, 69)","(165, 236)"
/home/lizeyu/images/rgb_0861.png,"(17, 98)","(153, 146)"
/home/lizeyu/images/rgb_0160.png,"(163, 89)","(256, 217)"
/home/lizeyu/images/rgb_0254.png,"(135, 159)","(284, 237)"
/home/lizeyu/images/rgb_0141.png,"(172, 65)","(257, 240)"
/home/lizeyu/images/rgb_0673.png,"(38, 77)","(120, 233)"
/home/lizeyu/images/rgb_0342.png,"(138, 69)","(237, 232)"
/home/lizeyu/images/rgb_0484.png,"(194, 87)","(279, 221)"
/home/lizeyu/images/rgb_0929.png,"(31, 161)","(176, 238)"
/home/lizeyu/images/rgb_0283.png,"(81, 58)","(140, 206)"
/home/lizeyu/images/rgb_0977.png,"(50, 80)","(160, 222)"
/home/lizeyu/images/rgb_0597.png,"(95, 79)","(160, 231)"
/home/lizeyu/images/rgb_0315.png,"(78, 98)","(229, 155)"
/home/lizeyu/images/rgb_0354.png,"(197, 76)","(282, 213)"
/home/lizeyu/images/rgb_0579.png,"(48, 175)","(222, 240)"
/home/lizeyu/images/rgb_0097.png,"(138, 96)","(290, 220)"
/home/lizeyu/images/rgb_0056.png,"(113, 53)","(205, 181)"
/home/lizeyu/images/rgb_0936.png,"(67, 123)","(136, 237)"
/home/lizeyu/images/rgb_0300.png,"(91, 59)","(164, 184)"
/home/lizeyu/images/rgb_0060.png,"(110, 187)","(262, 237)"
/home/lizeyu/images/rgb_0196.png,"(167, 46)","(279, 222)"
/home/lizeyu/images/rgb_0978.png,"(79, 62)","(152, 224)"
/home/lizeyu/images/rgb_0905.png,"(4, 188)","(181, 237)"
/home/lizeyu/images/rgb_0307.png,"(116, 53)","(201, 179)"
/home/lizeyu/images/rgb_0541.png,"(50, 80)","(160, 222)"
/home/lizeyu/images/rgb_0114.png,"(69, 69)","(149, 229)"
/home/lizeyu/images/rgb_0367.png,"(182, 93)","(279, 152)"
/home/lizeyu/images/rgb_0745.png,"(41, 157)","(183, 240)"
/home/lizeyu/images/rgb_0117.png,"(60, 60)","(142, 225)"
/home/lizeyu/images/rgb_0711.png,"(76, 82)","(144, 218)"
/home/lizeyu/images/rgb_0609.png,"(185, 47)","(252, 215)"
/home/lizeyu/images/rgb_0224.png,"(177, 80)","(246, 221)"
/home/lizeyu/images/rgb_0351.png,"(238, 58)","(315, 214)"
/home/lizeyu/images/rgb_0153.png,"(168, 91)","(254, 218)"
/home/lizeyu/images/rgb_0935.png,"(64, 124)","(142, 234)"
/home/lizeyu/images/rgb_0111.png,"(129, 76)","(201, 230)"
/home/lizeyu/images/rgb_0175.png,"(173, 74)","(253, 232)"
/home/lizeyu/images/rgb_0044.png,"(197, 76)","(282, 213)"
/home/lizeyu/images/rgb_0531.png,"(70, 99)","(151, 218)"
/home/lizeyu/images/rgb_0214.png,"(180, 74)","(246, 207)"
/home/lizeyu/images/rgb_0625.png,"(148, 65)","(238, 220)"
/home/lizeyu/images/rgb_0629.png,"(75, 63)","(149, 240)"
/home/lizeyu/images/rgb_0417.png,"(149, 186)","(317, 237)"
/home/lizeyu/images/rgb_0620.png,"(185, 49)","(252, 216)"
/home/lizeyu/images/rgb_0104.png,"(167, 62)","(247, 222)"
/home/lizeyu/images/rgb_0829.png,"(107, 89)","(181, 234)"
/home/lizeyu/images/rgb_0388.png,"(176, 90)","(292, 144)"
/home/lizeyu/images/rgb_0825.png,"(114, 113)","(193, 232)"
/home/lizeyu/images/rgb_0267.png,"(138, 88)","(295, 219)"
/home/lizeyu/images/rgb_0325.png,"(81, 96)","(224, 155)"
/home/lizeyu/images/rgb_0553.png,"(37, 115)","(170, 220)"
/home/lizeyu/images/rgb_0453.png,"(175, 125)","(257, 240)"
/home/lizeyu/images/rgb_0268.png,"(143, 75)","(292, 226)"
/home/lizeyu/images/rgb_0946.png,"(87, 91)","(173, 232)"
/home/lizeyu/images/rgb_0143.png,"(179, 62)","(254, 236)"
/home/lizeyu/images/rgb_0502.png,"(24, 184)","(187, 237)"
/home/lizeyu/images/rgb_0753.png,"(42, 120)","(167, 219)"
/home/lizeyu/images/rgb_0668.png,"(66, 77)","(134, 230)"
/home/lizeyu/images/rgb_0291.png,"(78, 29)","(141, 199)"
/home/lizeyu/images/rgb_0318.png,"(70, 88)","(241, 158)"
/home/lizeyu/images/rgb_0752.png,"(49, 123)","(163, 224)"
/home/lizeyu/images/rgb_0255.png,"(130, 158)","(290, 236)"
/home/lizeyu/images/rgb_0028.png,"(171, 131)","(258, 240)"
/home/lizeyu/images/rgb_0290.png,"(92, 47)","(135, 180)"
/home/lizeyu/images/rgb_0767.png,"(125, 68)","(193, 221)"
/home/lizeyu/images/rgb_0599.png,"(109, 72)","(178, 230)"
/home/lizeyu/images/rgb_0949.png,"(123, 73)","(195, 239)"
/home/lizeyu/images/rgb_0674.png,"(41, 67)","(117, 233)"
/home/lizeyu/images/rgb_0567.png,"(9, 183)","(178, 237)"
/home/lizeyu/images/rgb_0139.png,"(150, 75)","(225, 234)"
/home/lizeyu/images/rgb_0323.png,"(81, 98)","(226, 153)"
/home/lizeyu/images/rgb_0601.png,"(156, 64)","(229, 234)"
/home/lizeyu/images/rgb_0862.png,"(19, 98)","(152, 146)"
/home/lizeyu/images/rgb_0022.png,"(181, 93)","(280, 152)"
/home/lizeyu/images/rgb_0970.png,"(65, 70)","(147, 214)"
/home/lizeyu/images/rgb_0148.png,"(168, 59)","(253, 217)"
/home/lizeyu/images/rgb_0617.png,"(189, 49)","(263, 195)"
/home/lizeyu/images/rgb_0282.png,"(84, 51)","(147, 229)"
/home/lizeyu/images/rgb_0965.png,"(140, 66)","(219, 235)"
/home/lizeyu/images/rgb_0658.png,"(73, 84)","(137, 217)"
/home/lizeyu/images/rgb_0683.png,"(70, 57)","(143, 220)"
/home/lizeyu/images/rgb_0559.png,"(31, 161)","(176, 238)"
/home/lizeyu/images/rgb_0474.png,"(85, 70)","(142, 228)"
/home/lizeyu/images/rgb_0163.png,"(151, 90)","(259, 216)"
/home/lizeyu/images/rgb_0652.png,"(67, 87)","(151, 217)"
/home/lizeyu/images/rgb_0707.png,"(80, 83)","(137, 202)"
/home/lizeyu/images/rgb_0515.png,"(5, 156)","(165, 238)"
/home/lizeyu/images/rgb_0269.png,"(165, 66)","(283, 235)"
/home/lizeyu/images/rgb_0623.png,"(175, 62)","(257, 222)"
/home/lizeyu/images/rgb_0539.png,"(154, 64)","(246, 174)"
/home/lizeyu/images/rgb_0535.png,"(25, 87)","(141, 221)"
/home/lizeyu/images/rgb_0012.png,"(147, 187)","(314, 237)"
/home/lizeyu/images/rgb_0715.png,"(68, 83)","(144, 219)"
/home/lizeyu/images/rgb_0501.png,"(5, 188)","(180, 237)"
/home/lizeyu/images/rgb_0786.png,"(161, 56)","(225, 191)"
/home/lizeyu/images/rgb_0046.png,"(174, 87)","(301, 219)"
/home/lizeyu/images/rgb_0590.png,"(79, 67)","(152, 211)"
/home/lizeyu/images/rgb_0630.png,"(66, 59)","(144, 240)"
/home/lizeyu/images/rgb_0780.png,"(182, 35)","(245, 177)"
/home/lizeyu/images/rgb_0964.png,"(155, 68)","(227, 231)"
/home/lizeyu/images/rgb_0337.png,"(126, 119)","(206, 233)"
/home/lizeyu/images/rgb_0032.png,"(146, 185)","(316, 236)"
/home/lizeyu/images/rgb_0648.png,"(70, 88)","(140, 217)"
/home/lizeyu/images/rgb_0159.png,"(162, 90)","(256, 217)"
/home/lizeyu/images/rgb_0178.png,"(178, 85)","(256, 230)"
/home/lizeyu/images/rgb_0247.png,"(130, 159)","(280, 235)"
/home/lizeyu/images/rgb_0783.png,"(166, 35)","(248, 192)"
/home/lizeyu/images/rgb_0922.png,"(5, 172)","(157, 240)"
/home/lizeyu/images/rgb_0948.png,"(106, 80)","(176, 237)"
/home/lizeyu/images/rgb_0585.png,"(9, 167)","(150, 240)"
/home/lizeyu/images/rgb_0082.png,"(107, 180)","(301, 235)"
/home/lizeyu/images/rgb_0521.png,"(6, 185)","(182, 237)"
/home/lizeyu/images/rgb_0432.png,"(159, 172)","(315, 239)"
/home/lizeyu/images/rgb_0205.png,"(156, 94)","(254, 222)"
/home/lizeyu/images/rgb_0483.png,"(194, 74)","(281, 225)"
/home/lizeyu/images/rgb_0256.png,"(131, 159)","(287, 237)"
/home/lizeyu/images/rgb_0555.png,"(78, 59)","(158, 238)"
/home/lizeyu/images/rgb_0611.png,"(186, 45)","(262, 201)"
/home/lizeyu/images/rgb_0641.png,"(71, 87)","(141, 217)"
/home/lizeyu/images/rgb_0670.png,"(55, 59)","(133, 238)"
/home/lizeyu/images/rgb_0346.png,"(187, 71)","(288, 214)"
/home/lizeyu/images/rgb_0642.png,"(70, 88)","(140, 217)"
/home/lizeyu/images/rgb_0357.png,"(166, 106)","(297, 160)"
/home/lizeyu/images/rgb_0287.png,"(60, 28)","(127, 203)"
/home/lizeyu/images/rgb_0962.png,"(180, 61)","(242, 227)"
/home/lizeyu/images/rgb_0208.png,"(161, 96)","(252, 218)"
/home/lizeyu/images/rgb_0016.png,"(110, 178)","(251, 237)"
/home/lizeyu/images/rgb_0777.png,"(190, 40)","(236, 207)"
/home/lizeyu/images/rgb_0026.png,"(156, 156)","(317, 234)"
/home/lizeyu/images/rgb_0843.png,"(36, 78)","(122, 220)"
/home/lizeyu/images/rgb_0766.png,"(97, 68)","(172, 220)"
/home/lizeyu/images/rgb_0110.png,"(129, 78)","(205, 230)"
/home/lizeyu/images/rgb_0706.png,"(81, 80)","(136, 202)"
/home/lizeyu/images/rgb_0815.png,"(90, 99)","(241, 149)"
/home/lizeyu/images/rgb_0538.png,"(4, 159)","(175, 236)"
/home/lizeyu/images/rgb_0689.png,"(46, 86)","(170, 197)"
/home/lizeyu/images/rgb_0349.png,"(241, 58)","(318, 215)"
/home/lizeyu/images/rgb_0070.png,"(145, 163)","(289, 237)"
/home/lizeyu/images/rgb_0819.png,"(101, 107)","(230, 158)"
/home/lizeyu/images/rgb_0932.png,"(43, 153)","(163, 238)"
/home/lizeyu/images/rgb_0190.png,"(187, 64)","(269, 214)"
/home/lizeyu/images/rgb_0523.png,"(8, 172)","(171, 237)"
/home/lizeyu/images/rgb_0525.png,"(14, 145)","(165, 239)"
/home/lizeyu/images/rgb_0414.png,"(150, 187)","(315, 238)"
/home/lizeyu/images/rgb_0836.png,"(11, 69)","(94, 215)"
/home/lizeyu/images/rgb_0956.png,"(195, 48)","(260, 221)"
/home/lizeyu/images/rgb_0917.png,"(4, 162)","(153, 238)"
/home/lizeyu/images/rgb_0899.png,"(8, 187)","(175, 237)"
/home/lizeyu/images/rgb_0594.png,"(78, 62)","(145, 238)"
/home/lizeyu/images/rgb_0286.png,"(63, 48)","(137, 196)"
/home/lizeyu/images/rgb_0225.png,"(177, 81)","(250, 220)"
/home/lizeyu/images/rgb_0785.png,"(162, 53)","(226, 189)"
/home/lizeyu/images/rgb_0676.png,"(43, 62)","(121, 237)"
/home/lizeyu/images/rgb_0712.png,"(76, 83)","(143, 218)"
/home/lizeyu/images/rgb_0603.png,"(166, 65)","(249, 234)"
/home/lizeyu/images/rgb_0705.png,"(75, 75)","(143, 204)"
/home/lizeyu/images/rgb_0471.png,"(63, 46)","(128, 227)"
/home/lizeyu/images/rgb_0116.png,"(61, 63)","(142, 221)"
/home/lizeyu/images/rgb_0913.png,"(8, 172)","(171, 237)"
/home/lizeyu/images/rgb_0142.png,"(178, 59)","(252, 240)"
/home/lizeyu/images/rgb_0958.png,"(193, 45)","(255, 219)"
/home/lizeyu/images/rgb_0781.png,"(175, 32)","(248, 179)"
/home/lizeyu/images/rgb_0217.png,"(184, 75)","(237, 208)"
/home/lizeyu/images/rgb_0207.png,"(158, 95)","(255, 218)"
/home/lizeyu/images/rgb_0470.png,"(66, 47)","(134, 220)"
/home/lizeyu/images/rgb_0782.png,"(171, 42)","(241, 187)"
/home/lizeyu/images/rgb_0462.png,"(101, 81)","(172, 232)"
/home/lizeyu/images/rgb_0347.png,"(230, 64)","(317, 222)"
/home/lizeyu/images/rgb_0157.png,"(166, 91)","(255, 217)"
/home/lizeyu/images/rgb_0352.png,"(230, 58)","(303, 213)"
/home/lizeyu/images/rgb_0383.png,"(166, 95)","(293, 146)"
/home/lizeyu/images/rgb_0447.png,"(181, 120)","(253, 238)"
/home/lizeyu/images/rgb_0108.png,"(156, 83)","(224, 230)"
/home/lizeyu/images/rgb_0334.png,"(131, 104)","(219, 215)"
/home/lizeyu/images/rgb_0027.png,"(150, 187)","(315, 237)"
/home/lizeyu/images/rgb_0064.png,"(144, 113)","(287, 222)"
/home/lizeyu/images/rgb_0018.png,"(102, 181)","(308, 236)"
/home/lizeyu/images/rgb_0696.png,"(69, 97)","(153, 218)"
/home/lizeyu/images/rgb_0651.png,"(69, 87)","(140, 217)"
/home/lizeyu/images/rgb_0437.png,"(164, 171)","(304, 239)"
/home/lizeyu/images/rgb_0066.png,"(161, 65)","(239, 232)"
/home/lizeyu/images/rgb_0381.png,"(167, 93)","(296, 145)"
/home/lizeyu/images/rgb_0457.png,"(144, 89)","(233, 235)"
/home/lizeyu/images/rgb_0227.png,"(161, 86)","(269, 220)"
/home/lizeyu/images/rgb_0177.png,"(173, 82)","(256, 230)"
/home/lizeyu/images/rgb_0399.png,"(165, 120)","(257, 166)"
/home/lizeyu/images/rgb_0736.png,"(40, 160)","(182, 237)"
/home/lizeyu/images/rgb_0421.png,"(145, 185)","(317, 237)"
/home/lizeyu/images/rgb_0226.png,"(172, 84)","(259, 220)"
/home/lizeyu/images/rgb_0185.png,"(203, 69)","(278, 232)"
/home/lizeyu/images/rgb_0170.png,"(180, 81)","(250, 218)"
/home/lizeyu/images/rgb_0127.png,"(55, 34)","(133, 201)"
/home/lizeyu/images/rgb_0613.png,"(190, 45)","(265, 202)"
/home/lizeyu/images/rgb_0560.png,"(65, 70)","(147, 214)"
/home/lizeyu/images/rgb_0218.png,"(183, 77)","(238, 209)"
/home/lizeyu/images/rgb_0926.png,"(21, 170)","(156, 240)"
/home/lizeyu/images/rgb_0371.png,"(167, 99)","(237, 141)"
/home/lizeyu/images/rgb_0596.png,"(85, 77)","(152, 231)"
/home/lizeyu/images/rgb_0335.png,"(122, 105)","(217, 222)"
/home/lizeyu/images/rgb_0376.png,"(164, 94)","(296, 142)"
/home/lizeyu/images/rgb_0171.png,"(178, 79)","(249, 219)"
/home/lizeyu/images/rgb_0122.png,"(64, 43)","(139, 203)"
/home/lizeyu/images/rgb_0951.png,"(143, 80)","(224, 234)"
/home/lizeyu/images/rgb_0051.png,"(146, 170)","(289, 239)"
/home/lizeyu/images/rgb_0001.png,"(164, 60)","(251, 216)"
/home/lizeyu/images/rgb_0339.png,"(127, 111)","(197, 234)"
/home/lizeyu/images/rgb_0326.png,"(80, 96)","(226, 152)"
/home/lizeyu/images/rgb_0019.png,"(98, 173)","(281, 237)"
/home/lizeyu/images/rgb_0476.png,"(101, 75)","(181, 231)"
/home/lizeyu/images/rgb_0772.png,"(178, 58)","(239, 207)"
/home/lizeyu/images/rgb_0550.png,"(48, 124)","(213, 220)"
/home/lizeyu/images/rgb_0517.png,"(56, 131)","(150, 240)"
/home/lizeyu/images/rgb_0671.png,"(52, 62)","(134, 237)"
/home/lizeyu/images/rgb_0067.png,"(180, 121)","(272, 218)"
/home/lizeyu/images/rgb_0840.png,"(6, 57)","(85, 214)"
/home/lizeyu/images/rgb_0047.png,"(156, 156)","(317, 234)"
/home/lizeyu/images/rgb_0669.png,"(64, 67)","(136, 233)"
/home/lizeyu/images/rgb_0961.png,"(184, 57)","(247, 229)"
/home/lizeyu/images/rgb_0345.png,"(188, 65)","(269, 216)"
/home/lizeyu/images/rgb_0186.png,"(196, 66)","(283, 234)"
/home/lizeyu/images/rgb_0348.png,"(233, 62)","(318, 216)"
/home/lizeyu/images/rgb_0860.png,"(83, 99)","(152, 144)"
/home/lizeyu/images/rgb_0436.png,"(146, 170)","(289, 239)"
/home/lizeyu/images/rgb_0937.png,"(68, 127)","(142, 236)"
/home/lizeyu/images/rgb_0065.png,"(102, 168)","(248, 234)"
/home/lizeyu/images/rgb_0134.png,"(62, 64)","(146, 220)"
/home/lizeyu/images/rgb_0904.png,"(5, 188)","(181, 237)"
/home/lizeyu/images/rgb_0846.png,"(24, 104)","(144, 162)"
/home/lizeyu/images/rgb_0189.png,"(191, 63)","(266, 217)"
/home/lizeyu/images/rgb_0379.png,"(163, 95)","(297, 143)"
/home/lizeyu/images/rgb_0778.png,"(185, 29)","(244, 200)"
/home/lizeyu/images/rgb_0169.png,"(181, 87)","(252, 216)"
/home/lizeyu/images/rgb_0757.png,"(25, 81)","(160, 219)"
/home/lizeyu/images/rgb_0718.png,"(24, 90)","(161, 212)"
/home/lizeyu/images/rgb_0769.png,"(156, 63)","(229, 238)"
/home/lizeyu/images/rgb_0953.png,"(170, 74)","(246, 240)"
/home/lizeyu/images/rgb_0775.png,"(191, 46)","(258, 194)"
/home/lizeyu/images/rgb_0438.png,"(155, 171)","(306, 239)"
/home/lizeyu/images/rgb_0109.png,"(144, 81)","(215, 233)"
/home/lizeyu/images/rgb_0435.png,"(142, 170)","(291, 239)"
/home/lizeyu/images/rgb_0627.png,"(141, 66)","(216, 222)"
/home/lizeyu/images/rgb_0737.png,"(28, 170)","(186, 239)"
/home/lizeyu/images/rgb_0078.png,"(145, 185)","(317, 237)"
/home/lizeyu/images/rgb_0820.png,"(104, 94)","(230, 152)"
/home/lizeyu/images/rgb_0089.png,"(140, 66)","(233, 219)"
/home/lizeyu/images/rgb_0600.png,"(114, 68)","(188, 233)"
/home/lizeyu/images/rgb_0137.png,"(97, 65)","(171, 222)"
/home/lizeyu/images/rgb_0530.png,"(48, 74)","(167, 225)"
/home/lizeyu/images/rgb_0320.png,"(79, 99)","(227, 152)"
/home/lizeyu/images/rgb_0079.png,"(172, 71)","(276, 229)"
/home/lizeyu/images/rgb_0184.png,"(195, 74)","(284, 233)"
/home/lizeyu/images/rgb_0830.png,"(94, 72)","(179, 235)"
/home/lizeyu/images/rgb_0561.png,"(56, 131)","(150, 240)"
/home/lizeyu/images/rgb_0129.png,"(64, 44)","(137, 200)"
/home/lizeyu/images/rgb_0486.png,"(188, 94)","(265, 217)"
/home/lizeyu/images/rgb_0277.png,"(147, 69)","(216, 218)"
/home/lizeyu/images/rgb_0543.png,"(34, 157)","(181, 239)"
/home/lizeyu/images/rgb_0448.png,"(178, 123)","(249, 239)"
/home/lizeyu/images/rgb_0491.png,"(34, 65)","(131, 235)"
/home/lizeyu/images/rgb_0149.png,"(160, 82)","(250, 219)"
/home/lizeyu/images/rgb_0967.png,"(132, 66)","(199, 232)"
/home/lizeyu/images/rgb_0624.png,"(157, 58)","(249, 222)"
/home/lizeyu/images/rgb_0473.png,"(74, 66)","(138, 225)"
/home/lizeyu/images/rgb_0043.png,"(176, 90)","(292, 144)"
/home/lizeyu/images/rgb_0954.png,"(172, 71)","(252, 238)"
/home/lizeyu/images/rgb_0544.png,"(193, 45)","(255, 219)"
/home/lizeyu/images/rgb_0952.png,"(153, 81)","(230, 238)"
/home/lizeyu/images/rgb_0494.png,"(86, 84)","(190, 187)"
/home/lizeyu/images/rgb_0626.png,"(145, 65)","(225, 222)"
/home/lizeyu/images/rgb_0113.png,"(79, 69)","(158, 229)"
/home/lizeyu/images/rgb_0911.png,"(8, 184)","(178, 237)"
/home/lizeyu/images/rgb_0384.png,"(172, 93)","(294, 146)"
/home/lizeyu/images/rgb_0586.png,"(32, 98)","(175, 217)"
/home/lizeyu/images/rgb_0657.png,"(73, 86)","(137, 218)"
/home/lizeyu/images/rgb_0868.png,"(21, 97)","(151, 146)"
/home/lizeyu/images/rgb_0938.png,"(56, 131)","(150, 240)"
/home/lizeyu/images/rgb_0445.png,"(170, 135)","(286, 236)"
/home/lizeyu/images/rgb_0638.png,"(72, 78)","(157, 220)"
/home/lizeyu/images/rgb_0566.png,"(21, 170)","(156, 240)"
/home/lizeyu/images/rgb_0370.png,"(138, 83)","(316, 163)"
/home/lizeyu/images/rgb_0265.png,"(144, 113)","(287, 222)"
/home/lizeyu/images/rgb_0272.png,"(165, 69)","(240, 228)"
/home/lizeyu/images/rgb_0430.png,"(162, 170)","(316, 238)"
/home/lizeyu/images/rgb_0759.png,"(44, 72)","(144, 227)"
/home/lizeyu/images/rgb_0945.png,"(80, 94)","(153, 240)"
/home/lizeyu/images/rgb_0480.png,"(149, 70)","(211, 229)"
/home/lizeyu/images/rgb_0280.png,"(93, 65)","(159, 237)"
/home/lizeyu/images/rgb_0824.png,"(100, 106)","(190, 233)"
/home/lizeyu/images/rgb_0136.png,"(84, 70)","(168, 218)"
/home/lizeyu/images/rgb_0100.png,"(166, 78)","(244, 219)"
/home/lizeyu/images/rgb_0276.png,"(140, 66)","(233, 219)"
/home/lizeyu/images/rgb_0667.png,"(66, 88)","(138, 229)"
/home/lizeyu/images/rgb_0289.png,"(75, 33)","(136, 196)"
/home/lizeyu/images/rgb_0167.png,"(174, 89)","(254, 217)"
/home/lizeyu/images/rgb_0793.png,"(102, 51)","(227, 156)"
/home/lizeyu/images/rgb_0248.png,"(132, 168)","(288, 240)"
/home/lizeyu/images/rgb_0215.png,"(186, 81)","(239, 200)"
/home/lizeyu/images/rgb_0708.png,"(74, 78)","(145, 219)"
/home/lizeyu/images/rgb_0693.png,"(66, 94)","(152, 215)"
/home/lizeyu/images/rgb_0640.png,"(71, 88)","(144, 216)"
/home/lizeyu/images/rgb_0595.png,"(85, 72)","(148, 229)"
/home/lizeyu/images/rgb_0865.png,"(22, 97)","(150, 147)"
/home/lizeyu/images/rgb_0500.png,"(40, 160)","(182, 237)"
/home/lizeyu/images/rgb_0092.png,"(63, 46)","(128, 227)"
/home/lizeyu/images/rgb_0165.png,"(182, 89)","(252, 217)"
/home/lizeyu/images/rgb_0023.png,"(163, 95)","(297, 143)"
/home/lizeyu/images/rgb_0054.png,"(135, 159)","(284, 237)"
/home/lizeyu/images/rgb_0713.png,"(74, 81)","(143, 219)"
/home/lizeyu/images/rgb_0174.png,"(177, 72)","(248, 230)"
/home/lizeyu/images/rgb_0872.png,"(21, 97)","(147, 149)"
/home/lizeyu/images/rgb_0764.png,"(73, 67)","(164, 221)"
/home/lizeyu/images/rgb_0087.png,"(140, 156)","(243, 237)"
/home/lizeyu/images/rgb_0220.png,"(176, 76)","(243, 223)"
/home/lizeyu/images/rgb_0635.png,"(46, 52)","(158, 219)"
/home/lizeyu/images/rgb_0827.png,"(117, 119)","(194, 234)"
/home/lizeyu/images/rgb_0164.png,"(157, 93)","(258, 215)"
/home/lizeyu/images/rgb_0593.png,"(73, 64)","(149, 219)"
/home/lizeyu/images/rgb_0138.png,"(107, 68)","(175, 222)"
/home/lizeyu/images/rgb_0332.png,"(92, 97)","(213, 165)"
/home/lizeyu/images/rgb_0536.png,"(5, 156)","(165, 238)"
/home/lizeyu/images/rgb_0308.png,"(113, 54)","(205, 180)"
/home/lizeyu/images/rgb_0131.png,"(65, 50)","(137, 212)"
/home/lizeyu/images/rgb_0940.png,"(58, 139)","(148, 239)"
/home/lizeyu/images/rgb_0758.png,"(35, 73)","(150, 228)"
/home/lizeyu/images/rgb_0452.png,"(176, 131)","(257, 240)"
/home/lizeyu/images/rgb_0826.png,"(117, 118)","(191, 234)"
/home/lizeyu/images/rgb_0442.png,"(153, 156)","(297, 237)"
/home/lizeyu/images/rgb_0912.png,"(7, 175)","(175, 239)"
/home/lizeyu/images/rgb_0467.png,"(59, 48)","(126, 220)"
/home/lizeyu/images/rgb_0106.png,"(170, 71)","(234, 234)"
/home/lizeyu/images/rgb_0660.png,"(79, 74)","(133, 213)"
/home/lizeyu/images/rgb_0755.png,"(32, 98)","(175, 217)"
/home/lizeyu/images/rgb_0760.png,"(68, 73)","(150, 214)"
/home/lizeyu/images/rgb_0192.png,"(181, 63)","(248, 219)"
/home/lizeyu/images/rgb_0444.png,"(163, 149)","(291, 235)"
/home/lizeyu/images/rgb_0199.png,"(157, 77)","(268, 223)"
/home/lizeyu/images/rgb_0121.png,"(65, 52)","(140, 199)"
/home/lizeyu/images/rgb_0672.png,"(48, 62)","(129, 237)"
/home/lizeyu/images/rgb_0477.png,"(106, 69)","(181, 233)"
/home/lizeyu/images/rgb_0002.png,"(190, 65)","(285, 238)"
/home/lizeyu/images/rgb_0099.png,"(194, 68)","(274, 217)"
/home/lizeyu/images/rgb_0336.png,"(121, 116)","(210, 226)"
/home/lizeyu/images/rgb_0375.png,"(164, 95)","(296, 143)"
/home/lizeyu/images/rgb_0698.png,"(69, 97)","(150, 218)"
/home/lizeyu/images/rgb_0818.png,"(106, 101)","(251, 146)"
/home/lizeyu/images/rgb_0677.png,"(40, 64)","(132, 220)"
/home/lizeyu/images/rgb_0564.png,"(45, 172)","(228, 237)"
/home/lizeyu/images/rgb_0416.png,"(148, 187)","(317, 238)"
/home/lizeyu/images/rgb_0649.png,"(70, 88)","(139, 218)"
/home/lizeyu/images/rgb_0072.png,"(171, 131)","(258, 240)"
/home/lizeyu/images/rgb_0263.png,"(159, 122)","(269, 223)"
/home/lizeyu/images/rgb_0041.png,"(157, 77)","(268, 223)"
/home/lizeyu/images/rgb_0621.png,"(181, 53)","(256, 226)"
/home/lizeyu/images/rgb_0789.png,"(153, 61)","(226, 185)"
/home/lizeyu/images/rgb_0210.png,"(161, 94)","(254, 218)"
/home/lizeyu/images/rgb_0341.png,"(144, 81)","(219, 224)"
/home/lizeyu/images/rgb_0968.png,"(120, 61)","(181, 226)"
/home/lizeyu/images/rgb_0076.png,"(145, 88)","(286, 212)"
/home/lizeyu/images/rgb_0496.png,"(65, 90)","(146, 208)"
/home/lizeyu/images/rgb_0612.png,"(187, 42)","(266, 206)"
/home/lizeyu/images/rgb_0923.png,"(8, 170)","(162, 240)"
/home/lizeyu/images/rgb_0637.png,"(71, 61)","(157, 215)"
/home/lizeyu/images/rgb_0831.png,"(89, 72)","(171, 217)"
/home/lizeyu/images/rgb_0446.png,"(178, 122)","(255, 238)"
/home/lizeyu/images/rgb_0972.png,"(37, 74)","(123, 214)"
/home/lizeyu/images/rgb_0040.png,"(189, 68)","(257, 231)"
/home/lizeyu/images/rgb_0222.png,"(176, 80)","(242, 221)"
/home/lizeyu/images/rgb_0568.png,"(44, 72)","(144, 227)"
/home/lizeyu/images/rgb_0774.png,"(186, 49)","(250, 199)"
/home/lizeyu/images/rgb_0692.png,"(43, 86)","(171, 195)"
/home/lizeyu/images/rgb_0959.png,"(185, 48)","(251, 220)"
/home/lizeyu/images/rgb_0779.png,"(185, 34)","(246, 179)"
/home/lizeyu/images/rgb_0115.png,"(60, 67)","(142, 221)"
/home/lizeyu/images/rgb_0061.png,"(127, 126)","(275, 221)"
/home/lizeyu/images/rgb_0271.png,"(164, 73)","(254, 225)"
/home/lizeyu/images/rgb_0118.png,"(61, 57)","(140, 223)"
/home/lizeyu/images/rgb_0944.png,"(74, 99)","(143, 240)"
/home/lizeyu/images/rgb_0132.png,"(62, 55)","(139, 222)"
/home/lizeyu/images/rgb_0646.png,"(71, 88)","(140, 216)"
/home/lizeyu/images/rgb_0751.png,"(49, 122)","(161, 227)"
/home/lizeyu/images/rgb_0910.png,"(9, 183)","(178, 237)"
/home/lizeyu/images/rgb_0311.png,"(110, 49)","(202, 163)"
/home/lizeyu/images/rgb_0588.png,"(49, 67)","(122, 216)"
/home/lizeyu/images/rgb_0704.png,"(73, 76)","(141, 202)"
/home/lizeyu/images/rgb_0666.png,"(71, 83)","(139, 229)"
/home/lizeyu/images/rgb_0451.png,"(178, 140)","(280, 238)"
/home/lizeyu/images/rgb_0733.png,"(6, 131)","(175, 229)"
/home/lizeyu/images/rgb_0050.png,"(79, 63)","(170, 173)"
/home/lizeyu/images/rgb_0262.png,"(158, 121)","(268, 226)"
/home/lizeyu/images/rgb_0605.png,"(186, 59)","(262, 231)"
/home/lizeyu/images/rgb_0459.png,"(138, 84)","(214, 229)"
/home/lizeyu/images/rgb_0327.png,"(88, 96)","(219, 151)"
/home/lizeyu/images/rgb_0310.png,"(111, 50)","(206, 164)"
/home/lizeyu/images/rgb_0589.png,"(77, 77)","(155, 221)"
/home/lizeyu/images/rgb_0556.png,"(42, 120)","(167, 219)"
/home/lizeyu/images/rgb_0191.png,"(184, 68)","(267, 213)"
/home/lizeyu/images/rgb_0468.png,"(62, 41)","(128, 222)"
/home/lizeyu/images/rgb_0893.png,"(14, 145)","(165, 239)"
/home/lizeyu/images/rgb_0230.png,"(149, 90)","(304, 184)"
/home/lizeyu/images/rgb_0653.png,"(71, 89)","(152, 216)"
/home/lizeyu/images/rgb_0042.png,"(163, 95)","(252, 218)"
/home/lizeyu/images/rgb_0270.png,"(172, 71)","(276, 229)"
/home/lizeyu/images/rgb_0655.png,"(70, 83)","(136, 218)"
/home/lizeyu/images/rgb_0316.png,"(90, 106)","(218, 159)"
/home/lizeyu/images/rgb_0285.png,"(68, 43)","(138, 199)"
/home/lizeyu/images/rgb_0173.png,"(177, 74)","(248, 227)"
/home/lizeyu/images/rgb_0909.png,"(6, 185)","(182, 237)"
/home/lizeyu/images/rgb_0166.png,"(179, 88)","(255, 217)"
/home/lizeyu/images/rgb_0608.png,"(184, 48)","(253, 225)"
/home/lizeyu/images/rgb_0331.png,"(96, 93)","(211, 157)"
/home/lizeyu/images/rgb_0921.png,"(14, 179)","(152, 239)"
/home/lizeyu/images/rgb_0682.png,"(71, 65)","(144, 217)"
/home/lizeyu/images/rgb_0098.png,"(102, 181)","(308, 236)"
/home/lizeyu/images/rgb_0144.png,"(187, 57)","(260, 217)"
/home/lizeyu/images/rgb_0279.png,"(102, 67)","(163, 237)"
/home/lizeyu/images/rgb_0168.png,"(175, 89)","(253, 217)"
/home/lizeyu/images/rgb_0749.png,"(53, 134)","(165, 237)"
/home/lizeyu/images/rgb_0006.png,"(160, 82)","(250, 219)"
/home/lizeyu/images/rgb_0834.png,"(46, 69)","(138, 216)"
/home/lizeyu/images/rgb_0888.png,"(59, 119)","(157, 168)"
/home/lizeyu/images/rgb_0295.png,"(84, 34)","(152, 193)"
/home/lizeyu/images/rgb_0598.png,"(99, 75)","(165, 233)"
/home/lizeyu/images/rgb_0407.png,"(145, 153)","(320, 235)"
/home/lizeyu/images/rgb_0172.png,"(181, 75)","(245, 225)"
/home/lizeyu/images/rgb_0373.png,"(162, 96)","(297, 142)"
/home/lizeyu/images/rgb_0398.png,"(165, 114)","(260, 165)"
/home/lizeyu/images/rgb_0413.png,"(147, 187)","(314, 237)"
/home/lizeyu/images/rgb_0591.png,"(78, 61)","(149, 212)"
/home/lizeyu/images/rgb_0889.png,"(24, 123)","(155, 178)"
/home/lizeyu/images/rgb_0212.png,"(169, 86)","(253, 215)"
/home/lizeyu/images/rgb_0317.png,"(74, 87)","(235, 159)"
/home/lizeyu/images/rgb_0264.png,"(180, 121)","(272, 218)"
/home/lizeyu/images/rgb_0817.png,"(101, 98)","(232, 149)"
/home/lizeyu/images/rgb_0353.png,"(217, 69)","(288, 209)"
/home/lizeyu/images/rgb_0482.png,"(194, 68)","(274, 217)"
/home/lizeyu/images/rgb_0429.png,"(167, 165)","(316, 236)"
/home/lizeyu/images/rgb_0071.png,"(163, 82)","(259, 216)"
/home/lizeyu/images/rgb_0048.png,"(165, 120)","(257, 166)"
/home/lizeyu/images/rgb_0943.png,"(72, 110)","(142, 240)"
/home/lizeyu/images/rgb_0481.png,"(163, 82)","(259, 216)"
/home/lizeyu/images/rgb_0124.png,"(56, 37)","(131, 203)"
/home/lizeyu/images/rgb_0864.png,"(18, 97)","(153, 146)"
/home/lizeyu/images/rgb_0206.png,"(163, 94)","(255, 217)"
/home/lizeyu/images/rgb_0838.png,"(2, 58)","(83, 215)"
/home/lizeyu/images/rgb_0645.png,"(71, 88)","(141, 216)"
/home/lizeyu/images/rgb_0478.png,"(114, 71)","(187, 230)"
/home/lizeyu/images/rgb_0966.png,"(138, 66)","(215, 234)"
/home/lizeyu/images/rgb_0198.png,"(149, 60)","(274, 219)"
/home/lizeyu/images/rgb_0253.png,"(104, 151)","(280, 239)"
/home/lizeyu/images/rgb_0463.png,"(94, 81)","(164, 234)"
/home/lizeyu/images/rgb_0906.png,"(6, 187)","(180, 237)"
/home/lizeyu/images/rgb_0902.png,"(5, 188)","(180, 237)"
/home/lizeyu/images/rgb_0592.png,"(74, 65)","(145, 208)"
/home/lizeyu/images/rgb_0654.png,"(71, 85)","(135, 217)"
/home/lizeyu/images/rgb_0636.png,"(60, 47)","(154, 220)"
/home/lizeyu/images/rgb_0529.png,"(64, 67)","(136, 233)"
/home/lizeyu/images/rgb_0083.png,"(153, 156)","(297, 237)"
/home/lizeyu/images/rgb_0762.png,"(78, 59)","(158, 238)"
/home/lizeyu/images/rgb_0744.png,"(37, 157)","(183, 239)"
/home/lizeyu/images/rgb_0183.png,"(194, 59)","(271, 240)"
/home/lizeyu/images/rgb_0664.png,"(75, 71)","(140, 231)"
/home/lizeyu/images/rgb_0228.png,"(154, 87)","(276, 220)"
/home/lizeyu/images/rgb_0105.png,"(172, 63)","(238, 240)"
/home/lizeyu/images/rgb_0492.png,"(88, 76)","(164, 222)"
/home/lizeyu/images/rgb_0663.png,"(78, 65)","(133, 226)"
/home/lizeyu/images/rgb_0075.png,"(96, 172)","(277, 239)"
/home/lizeyu/images/rgb_0368.png,"(181, 95)","(277, 154)"
/home/lizeyu/images/rgb_0260.png,"(154, 132)","(266, 230)"
/home/lizeyu/images/rgb_0632.png,"(65, 61)","(137, 235)"
/home/lizeyu/images/rgb_0680.png,"(56, 68)","(134, 212)"
/home/lizeyu/images/rgb_0656.png,"(72, 86)","(141, 218)"
/home/lizeyu/images/rgb_0418.png,"(141, 184)","(317, 237)"
/home/lizeyu/images/rgb_0187.png,"(196, 63)","(278, 237)"
/home/lizeyu/images/rgb_0581.png,"(185, 49)","(250, 227)"
/home/lizeyu/images/rgb_0941.png,"(55, 133)","(134, 238)"
/home/lizeyu/images/rgb_0140.png,"(170, 69)","(250, 238)"
/home/lizeyu/images/rgb_0614.png,"(191, 42)","(266, 200)"
/home/lizeyu/images/rgb_0631.png,"(68, 58)","(143, 240)"
/home/lizeyu/images/rgb_0419.png,"(142, 185)","(318, 236)"
/home/lizeyu/images/rgb_0005.png,"(130, 84)","(235, 186)"
/home/lizeyu/images/rgb_0322.png,"(77, 98)","(231, 153)"
/home/lizeyu/images/rgb_0497.png,"(7, 115)","(176, 230)"
/home/lizeyu/images/rgb_0147.png,"(165, 61)","(284, 209)"
/home/lizeyu/images/rgb_0007.png,"(160, 93)","(261, 208)"
/home/lizeyu/images/rgb_0699.png,"(67, 97)","(152, 218)"
/home/lizeyu/images/rgb_0146.png,"(166, 51)","(282, 219)"
/home/lizeyu/images/rgb_0837.png,"(2, 59)","(84, 217)"
/home/lizeyu/images/rgb_0401.png,"(163, 127)","(267, 187)"
/home/lizeyu/images/rgb_0319.png,"(77, 98)","(228, 153)"
/home/lizeyu/images/rgb_0754.png,"(37, 115)","(170, 220)"
/home/lizeyu/images/rgb_0112.png,"(90, 65)","(163, 234)"
/home/lizeyu/images/rgb_0209.png,"(163, 95)","(252, 218)"
/home/lizeyu/images/rgb_0011.png,"(130, 159)","(280, 235)"
/home/lizeyu/images/rgb_0372.png,"(163, 96)","(295, 144)"
/home/lizeyu/images/rgb_0010.png,"(131, 151)","(288, 232)"
/home/lizeyu/images/rgb_0266.png,"(138, 96)","(290, 220)"
/home/lizeyu/images/rgb_0152.png,"(163, 90)","(256, 218)"
/home/lizeyu/images/rgb_0914.png,"(7, 167)","(173, 235)"
/home/lizeyu/images/rgb_0508.png,"(21, 175)","(215, 237)"
/home/lizeyu/images/rgb_0330.png,"(94, 96)","(209, 156)"
/home/lizeyu/images/rgb_0229.png,"(144, 93)","(280, 213)"
/home/lizeyu/images/rgb_0897.png,"(4, 159)","(175, 236)"
/home/lizeyu/images/rgb_0661.png,"(80, 71)","(134, 217)"
/home/lizeyu/images/rgb_0055.png,"(62, 38)","(129, 224)"
/home/lizeyu/images/rgb_0716.png,"(54, 86)","(160, 219)"
/home/lizeyu/images/rgb_0101.png,"(171, 65)","(242, 214)"
/home/lizeyu/images/rgb_0292.png,"(81, 35)","(142, 193)"
/home/lizeyu/images/rgb_0548.png,"(29, 116)","(199, 192)"
/home/lizeyu/images/rgb_0464.png,"(77, 79)","(143, 235)"
/home/lizeyu/images/rgb_0756.png,"(23, 95)","(167, 215)"
/home/lizeyu/images/rgb_0440.png,"(145, 163)","(289, 237)"
/home/lizeyu/images/rgb_0085.png,"(163, 149)","(291, 235)"
/home/lizeyu/images/rgb_0450.png,"(173, 136)","(259, 239)"
/home/lizeyu/images/rgb_0942.png,"(60, 126)","(145, 238)"
/home/lizeyu/images/rgb_0732.png,"(7, 115)","(176, 230)"
/home/lizeyu/images/rgb_0607.png,"(181, 51)","(256, 227)"
/home/lizeyu/images/rgb_0458.png,"(147, 87)","(220, 232)"
/home/lizeyu/images/rgb_0216.png,"(186, 79)","(237, 193)"
/home/lizeyu/images/rgb_0355.png,"(174, 87)","(301, 219)"
/home/lizeyu/images/rgb_0918.png,"(9, 167)","(150, 240)"
/home/lizeyu/images/rgb_0801.png,"(101, 62)","(223, 169)"
/home/lizeyu/images/rgb_0688.png,"(48, 74)","(167, 225)"
/home/lizeyu/images/rgb_0194.png,"(177, 56)","(251, 224)"
/home/lizeyu/images/rgb_0456.png,"(159, 94)","(242, 240)"
/home/lizeyu/images/rgb_0490.png,"(74, 53)","(151, 222)"
/home/lizeyu/images/rgb_0119.png,"(63, 51)","(138, 221)"
/home/lizeyu/images/rgb_0710.png,"(75, 81)","(144, 218)"
/home/lizeyu/images/rgb_0193.png,"(179, 64)","(249, 218)"
/home/lizeyu/images/rgb_0857.png,"(38, 94)","(146, 158)"
/home/lizeyu/images/rgb_0647.png,"(70, 87)","(139, 216)"
/home/lizeyu/images/rgb_0422.png,"(147, 181)","(316, 237)"
/home/lizeyu/images/rgb_0003.png,"(149, 75)","(234, 222)"
/home/lizeyu/images/rgb_0488.png,"(157, 88)","(301, 212)"
/home/lizeyu/images/rgb_0150.png,"(160, 90)","(255, 217)"
/home/lizeyu/images/rgb_0969.png,"(106, 64)","(167, 234)"
/home/lizeyu/images/rgb_0275.png,"(155, 64)","(246, 220)"
/home/lizeyu/images/rgb_0957.png,"(193, 45)","(259, 220)"
/home/lizeyu/images/rgb_0773.png,"(182, 54)","(247, 198)"
/home/lizeyu/images/rgb_0537.png,"(59, 119)","(157, 168)"
/home/lizeyu/images/rgb_0273.png,"(161, 65)","(239, 232)"
/home/lizeyu/images/rgb_0343.png,"(140, 73)","(242, 226)"
/home/lizeyu/images/rgb_0261.png,"(161, 123)","(265, 229)"
/home/lizeyu/images/rgb_0466.png,"(45, 69)","(139, 231)"
/home/lizeyu/images/rgb_0329.png,"(88, 97)","(219, 155)"
/home/lizeyu/images/rgb_0933.png,"(47, 148)","(160, 238)"
/home/lizeyu/images/rgb_0487.png,"(164, 87)","(265, 217)"
/home/lizeyu/images/rgb_0975.png,"(53, 96)","(133, 216)"
/home/lizeyu/images/rgb_0681.png,"(71, 69)","(141, 213)"
/home/lizeyu/images/rgb_0344.png,"(164, 77)","(259, 221)"
/home/lizeyu/images/rgb_0659.png,"(73, 79)","(140, 219)"
/home/lizeyu/images/rgb_0871.png,"(17, 99)","(150, 147)"
/home/lizeyu/images/rgb_0939.png,"(58, 138)","(148, 238)"
/home/lizeyu/images/rgb_0697.png,"(69, 98)","(150, 218)"
/home/lizeyu/images/rgb_0835.png,"(30, 71)","(141, 215)"
/home/lizeyu/images/rgb_0433.png,"(159, 172)","(314, 239)"
/home/lizeyu/images/rgb_0188.png,"(191, 59)","(274, 226)"
/home/lizeyu/images/rgb_0714.png,"(71, 81)","(143, 220)"
/home/lizeyu/images/rgb_0701.png,"(74, 84)","(149, 216)"
/home/lizeyu/images/rgb_0619.png,"(183, 51)","(253, 198)"
/home/lizeyu/images/rgb_0382.png,"(165, 96)","(296, 145)"
/home/lizeyu/images/rgb_0574.png,"(47, 148)","(160, 238)"
/home/lizeyu/images/rgb_0571.png,"(17, 180)","(219, 236)"
/home/lizeyu/images/rgb_0406.png,"(156, 156)","(317, 234)"
/home/lizeyu/images/rgb_0130.png,"(69, 50)","(137, 198)"
